Model,MAE (km²),RMSE (km²),R²
Prophet,25.888054839114158,35.47173722849235,-0.6427033234428396
ARIMA,21.626100207916593,28.364654056523953,-0.0503866682683447
Random Forest,15.650849839961392,25.23288463747276,0.1687569581578484
