Model,MAE (km²),RMSE (km²),R²
Prophet,20.16019756618718,29.32014318130878,-0.10857288462111936
ARIMA,21.413950185877482,27.75541343002168,0.006592396951099366
Random Forest,13.646668311322838,20.215062493793265,0.47303441339868313
